{
  "type": "minecraft:the_nether",
  "generator": {
    "biome_source": {
      "biomes": [
        {
          "parameters": {
            "erosion": 0.0,
            "depth": 0.0,
            "weirdness": 0.0,
            "offset": 0.0,
            "temperature": 0.0,
            "humidity": -0.05,
            "continentalness": 0.0
          },
          "biome": "minecraft:nether_wastes"
        },
        {
          "parameters": {
            "erosion": 0.0,
            "depth": 0.0,
            "weirdness": 0.0,
            "offset": 0.0,
            "temperature": 0.0,
            "humidity": 0.05,
            "continentalness": 0.0
          },
          "biome": "minecraft:nether_wastes"
        },
        {
          "parameters": {
            "erosion": 0.0,
            "depth": 0.0,
            "weirdness": 0.0,
            "offset": 0.0,
            "temperature": 0.0,
            "humidity": -0.5,
            "continentalness": 0.0
          },
          "biome": "minecraft:soul_sand_valley"
        },
        {
          "parameters": {
            "erosion": 0.0,
            "depth": 0.0,
            "weirdness": 0.0,
            "offset": 0.0,
            "temperature": 0.4,
            "humidity": 0.0,
            "continentalness": 0.0
          },
          "biome": "minecraft:crimson_forest"
        },
        {
          "parameters": {
            "erosion": 0.0,
            "depth": 0.0,
            "weirdness": 0.0,
            "offset": 0.375,
            "temperature": 0.0,
            "humidity": 0.5,
            "continentalness": 0.0
          },
          "biome": "minecraft:warped_forest"
        },
        {
          "parameters": {
            "erosion": 0.0,
            "depth": 0.0,
            "weirdness": 0.0,
            "offset": 0.175,
            "temperature": -0.5,
            "humidity": 0.0,
            "continentalness": 0.0
          },
          "biome": "minecraft:basalt_deltas"
        },
        {
          "parameters": {
            "erosion": 0.0,
            "depth": 0.0,
            "weirdness": 0.0,
            "offset": 0.0,
            "temperature": 0.0,
            "humidity": 0.0,
            "continentalness": 0.0
          },
          "biome": "minecraft:nether_fortress"
        }
      ],
      "type": "minecraft:multi_noise"
    },
    "seed": 0,
    "settings": "minecraft:nether",
    "type": "minecraft:noise"
  }
}