{
    "carvers": {
      "air": "minecraft:nether_cave"
    },
    "downfall": 0.0,
    "effects": {
      "additions_sound": {
        "sound": "minecraft:ambient.nether_wastes.additions",
        "tick_chance": 0.0111
      },
      "ambient_sound": "minecraft:ambient.nether_wastes.loop",
      "fog_color": 1133392,
      "mood_sound": {
        "block_search_extent": 8,
        "offset": 2.0,
        "sound": "minecraft:ambient.nether_wastes.mood",
        "tick_delay": 6000
      },
      "music": {
        "max_delay": 24000,
        "min_delay": 12000,
        "replace_current_music": false,
        "sound": "minecraft:music.nether.nether_wastes"
      },
      "sky_color": 7254527,
      "water_color": 4159204,
      "water_fog_color": 329011
    },
    "features": [
      [],
      [],
      [],
      [],
      [],
      [],
      [],
      [
        "minecraft:spring_open",
        "minecraft:patch_fire",
        "minecraft:patch_soul_fire",
        "minecraft:glowstone_extra",
        "minecraft:glowstone",
        "minecraft:brown_mushroom_nether",
        "minecraft:red_mushroom_nether",
        "minecraft:ore_magma",
        "minecraft:spring_closed",
        "minecraft:ore_gravel_nether",
        "minecraft:ore_blackstone",
        "minecraft:ore_gold_nether",
        "minecraft:ore_quartz_nether",
        "minecraft:ore_ancient_debris_large",
        "minecraft:ore_debris_small"
      ],
      [],
      [
        "minecraft:spring_lava",
        "minecraft:brown_mushroom_normal",
        "minecraft:red_mushroom_normal"
      ]
    ],
    "has_precipitation": false,
    "spawn_costs": {},
    "spawners": {
      "ambient": [],
      "axolotls": [],
      "creature": [],
      "misc": [],
      "monster": [
        {
          "type": "minecraft:blaze",
          "maxCount": 3,
          "minCount": 2,
          "weight": 10
        },
        {
          "type": "minecraft:zombified_piglin",
          "maxCount": 4,
          "minCount": 4,
          "weight": 5
        },
        {
          "type": "minecraft:wither_skeleton",
          "maxCount": 5,
          "minCount": 5,
          "weight": 8
        },
        {
          "type": "minecraft:skeleton",
          "maxCount": 5,
          "minCount": 5,
          "weight": 2
        },
        {
          "type": "minecraft:magma_cube",
          "maxCount": 4,
          "minCount": 4,
          "weight": 3
        }
      ],
      "underground_water_creature": [],
      "water_ambient": [],
      "water_creature": []
    },
    "temperature": 2.0
  }