{
    "pools": [
      {
        "rolls": 1,
        "entries": [
          {
            "type": "minecraft:item",
            "name": "minecraft:cobblestone"
          }
        ]
      },
      {
        "rolls": 1,
        "entries": [
          {
            "type": "minecraft:item",
            "name": "minecraft:andesite",
            "functions": [
              {
                "function": "minecraft:set_nbt",
                "tag": "{display:{Lore:['{\"text\":\"Rare Drop\",\"color\":\"gold\",\"italic\":false}']}}"
              }
            ],
            "conditions": [
              {
                "condition": "minecraft:random_chance",
                "chance": 0.05
              }
            ]
          }
        ]
      }
    ]
  }
  